Room,Month,RM ARR,RM NIGHTS,ROOM REV,ADR,,,,
201,January,6,12,"1,747.50",145.63,,,,
201,February,8,10,"1,459.84",145.98,,,,
201,March,14,20,"2,874.84",143.74,,,,
201,April,10,19,"3,225.00",169.74,,,,
201,May,9,19,"3,023.90",159.15,,,,
201,June,11,19,"2,977.43",156.71,,,,
201,July,12,20,"3,302.35",165.12,,,,
201,August,9,15,"2,556.20",170.41,,,,
201,September,15,23,"3,684.02",160.17,,,,
201,October,11,29,"4,903.93",169.1,,,,
201,November,17,25,"3,267.03",130.68,,,,
201,December,16,25,"3,921.03",156.84,,,,
202,January,2,4,676.8,169.2,,,,
202,February,7,10,"1,821.42",182.14,,,,
202,March,10,15,"2,122.61",141.51,,,,
202,April,10,16,"3,082.94",192.68,,,,
202,May,8,13,"2,681.00",206.23,,,,
202,June,10,15,"2,744.15",182.94,,,,
202,July,13,18,"3,220.19",178.9,,,,
202,August,8,16,"3,152.30",197.02,,,,
202,September,12,18,"3,357.50",186.53,,,,
202,October,14,18,"3,242.38",180.13,,,,
202,November,15,20,"3,111.30",155.57,,,,
202,December,16,24,"3,380.59",140.86,,,,
203,January,7,8,920.46,115.06,,,,
203,February,9,15,"2,134.12",142.27,,,,
203,March,13,18,"2,707.96",150.44,,,,
203,April,10,22,"3,142.93",142.86,,,,
203,May,10,20,"3,404.47",170.22,,,,
203,June,9,17,"2,465.07",145,,,,
203,July,11,16,"2,479.15",154.95,,,,
203,August,10,19,"3,182.21",167.48,,,,
203,September,14,26,"4,000.65",153.87,,,,
203,October,13,25,"4,019.08",160.76,,,,
203,November,12,26,"3,417.89",131.46,,,,
203,December,17,25,"2,983.27",119.33,,,,
204,January,3,4,733.3,183.33,,,,
204,February,6,10,"1,640.70",164.07,,,,
204,March,12,18,"3,010.90",167.27,,,,
204,April,11,18,"3,300.77",183.38,,,,
204,May,9,15,"2,940.22",196.01,,,,
204,June,8,11,"1,931.74",175.61,,,,
204,July,12,20,"3,096.84",154.84,,,,
204,August,13,20,"3,939.76",196.99,,,,
204,September,10,22,"4,633.67",210.62,,,,
204,October,13,20,"3,767.60",188.38,,,,
204,November,11,16,"3,126.87",195.43,,,,
204,December,13,19,"2,847.58",149.87,,,,
205,January,5,5,785.35,157.07,,,,
205,February,11,17,"2,472.31",145.43,,,,
205,March,11,18,"2,586.92",143.72,,,,
205,April,10,17,"2,253.51",132.56,,,,
205,May,15,19,"3,208.01",168.84,,,,
205,June,9,16,"2,566.30",160.39,,,,
205,July,10,16,"2,564.15",160.26,,,,
205,August,10,17,"2,492.92",146.64,,,,
205,September,11,27,"4,181.74",154.88,,,,
205,October,15,26,"4,595.64",176.76,,,,
205,November,17,20,"2,935.80",146.79,,,,
205,December,18,24,"3,319.66",138.32,,,,
206,January,1,1,78.19,78.19,,,,
206,February,6,10,"1,769.70",176.97,,,,
206,March,11,18,"2,646.32",147.02,,,,
206,April,10,17,"2,897.57",170.45,,,,
206,May,10,13,"2,810.91",216.22,,,,
206,June,7,13,"2,280.89",175.45,,,,
206,July,13,20,"3,367.41",168.37,,,,
206,August,9,16,"3,102.34",193.9,,,,
206,September,13,19,"3,608.50",189.92,,,,
206,October,11,17,"3,222.61",189.57,,,,
206,November,11,14,"2,363.78",168.84,,,,
206,December,11,15,"2,266.87",151.12,,,,
207,January,5,6,795,132.5,,,,
207,February,10,15,"1,859.68",123.98,,,,
207,March,11,23,"3,219.40",139.97,,,,
207,April,14,22,"3,394.69",154.3,,,,
207,May,10,22,"3,383.89",153.81,,,,
207,June,7,17,"2,465.03",145,,,,
207,July,10,17,"2,732.24",160.72,,,,
207,August,9,15,"2,420.78",161.39,,,,
207,September,14,23,"3,540.34",153.93,,,,
207,October,16,29,"4,340.72",149.68,,,,
207,November,14,23,"4,249.12",184.74,,,,
207,December,17,26,"3,442.38",132.4,,,,
208,January,2,2,217.19,108.6,,,,
208,February,4,9,"1,244.67",138.3,,,,
208,March,8,16,"2,628.67",164.29,,,,
208,April,11,20,"3,768.71",188.44,,,,
208,May,8,13,"2,502.52",192.5,,,,
208,June,8,13,"2,208.47",169.88,,,,
208,July,12,19,"2,972.50",156.45,,,,
208,August,8,15,"3,137.11",209.14,,,,
208,September,11,21,"3,627.12",172.72,,,,
208,October,11,15,"3,218.13",214.54,,,,
208,November,12,18,"2,525.86",140.33,,,,
208,December,8,12,"1,573.77",131.15,,,,
209,January,5,6,811,135.17,,,,
209,February,10,18,"2,389.48",132.75,,,,
209,March,11,17,"2,295.00",135,,,,
209,April,8,21,"3,644.68",173.56,,,,
209,May,10,18,"2,951.88",163.99,,,,
209,June,7,17,"2,853.56",167.86,,,,
209,July,10,14,"2,642.24",188.73,,,,
209,August,8,17,"3,023.72",177.87,,,,
209,September,14,24,"4,252.57",177.19,,,,
209,October,17,30,"4,981.05",166.04,,,,
209,November,13,21,"2,946.27",140.3,,,,
209,December,12,17,"2,695.60",158.56,,,,
210,January,3,3,479,159.67,,,,
210,February,7,14,"2,213.92",158.14,,,,
210,March,9,17,"2,497.51",146.91,,,,
210,April,8,19,"2,931.70",154.3,,,,
210,May,10,17,"3,679.25",216.43,,,,
210,June,9,14,"2,424.93",173.21,,,,
210,July,13,19,"3,307.72",174.09,,,,
210,August,9,17,"3,359.86",197.64,,,,
210,September,10,19,"3,942.59",207.5,,,,
210,October,12,19,"3,593.28",189.12,,,,
210,November,13,18,"3,150.88",175.05,,,,
210,December,6,7,"1,038.56",148.37,,,,
301,January,9,15,"1,803.80",120.25,,,,
301,February,17,23,"3,343.55",145.37,,,,
301,March,13,23,"3,250.71",141.34,,,,
301,April,15,26,"3,543.20",136.28,,,,
301,May,13,24,"4,071.85",169.66,,,,
301,June,16,24,"4,241.05",176.71,,,,
301,July,12,20,"3,010.08",150.5,,,,
301,August,15,22,"3,697.44",168.07,,,,
301,September,18,27,"4,148.87",153.66,,,,
301,October,21,29,"4,700.10",162.07,,,,
301,November,14,25,"3,565.59",142.62,,,,
301,December,17,25,"3,387.43",135.5,,,,
302,January,7,11,"1,450.73",131.88,,,,
302,February,10,16,"2,415.65",150.98,,,,
302,March,13,25,"3,569.50",142.78,,,,
302,April,10,28,"4,550.80",162.53,,,,
302,May,13,23,"3,923.38",170.58,,,,
302,June,12,23,"3,601.26",156.58,,,,
302,July,13,26,"4,081.72",156.99,,,,
302,August,15,24,"4,660.25",194.18,,,,
302,September,11,23,"4,207.71",182.94,,,,
302,October,14,22,"4,471.91",203.27,,,,
302,November,12,23,"3,925.71",170.68,,,,
302,December,17,24,"3,483.68",145.15,,,,
303,January,10,15,"1,860.15",124.01,,,,
303,February,12,24,"3,780.89",157.54,,,,
303,March,16,29,"4,271.37",147.29,,,,
303,April,15,27,"3,737.64",138.43,,,,
303,May,15,29,"4,614.78",159.13,,,,
303,June,14,25,"4,402.20",176.09,,,,
303,July,16,23,"3,562.34",154.88,,,,
303,August,13,25,"4,061.61",162.46,,,,
303,September,6,12,"2,165.56",180.46,,,,
303,October,20,28,"4,790.87",171.1,,,,
303,November,20,28,"4,301.42",153.62,,,,
303,December,18,27,"3,850.74",142.62,,,,
304,January,9,16,"1,894.26",118.39,,,,
304,February,9,19,"3,011.05",158.48,,,,
304,March,16,27,"4,234.90",156.85,,,,
304,April,13,29,"4,596.27",158.49,,,,
304,May,15,24,"4,305.55",179.4,,,,
304,June,13,22,"3,797.50",172.61,,,,
304,July,13,28,"4,332.23",154.72,,,,
304,August,8,22,"4,471.48",203.25,,,,
304,September,12,23,"4,149.55",180.42,,,,
304,October,16,26,"4,305.76",165.61,,,,
304,November,17,25,"3,742.59",149.7,,,,
304,December,13,16,"2,242.92",140.18,,,,
305,January,11,18,"2,163.76",120.21,,,,
305,February,14,23,"3,227.49",140.33,,,,
305,March,10,29,"4,251.49",146.6,,,,
305,April,13,26,"4,074.84",156.72,,,,
305,May,15,26,"4,060.57",156.18,,,,
305,June,14,26,"4,741.90",182.38,,,,
305,July,18,24,"3,572.48",148.85,,,,
305,August,15,22,"3,159.77",143.63,,,,
305,September,14,27,"4,243.81",157.18,,,,
305,October,15,28,"4,476.06",159.86,,,,
305,November,19,24,"4,050.84",168.79,,,,
305,December,12,27,"3,717.56",137.69,,,,
306,January,8,10,"1,284.77",128.48,,,,
306,February,10,18,"2,556.50",142.03,,,,
306,March,17,26,"3,942.53",151.64,,,,
306,April,17,27,"5,046.40",186.9,,,,
306,May,11,25,"4,145.96",165.84,,,,
306,June,13,19,"2,662.98",140.16,,,,
306,July,8,29,"4,624.49",159.47,,,,
306,August,13,24,"4,264.46",177.69,,,,
306,September,17,23,"4,098.17",178.18,,,,
306,October,14,21,"3,391.47",161.5,,,,
306,November,5,8,"1,141.83",142.73,,,,
306,December,14,18,"2,548.70",141.59,,,,
307,January,12,17,"2,213.05",130.18,,,,
307,February,11,20,"3,200.05",160,,,,
307,March,12,28,"3,454.89",123.39,,,,
307,April,10,24,"3,422.80",142.62,,,,
307,May,13,26,"4,289.78",164.99,,,,
307,June,15,25,"3,964.50",158.58,,,,
307,July,15,28,"4,270.37",152.51,,,,
307,August,20,24,"4,065.77",169.41,,,,
307,September,17,29,"4,770.31",164.49,,,,
307,October,16,28,"4,564.49",163.02,,,,
307,November,15,23,"3,213.33",139.71,,,,
307,December,10,20,"2,754.71",137.74,,,,
308,January,7,7,957.95,136.85,,,,
308,February,12,20,"2,911.71",145.59,,,,
308,March,13,28,"3,899.31",139.26,,,,
308,April,17,28,"4,647.35",165.98,,,,
308,May,11,19,"3,412.17",179.59,,,,
308,June,15,21,"4,003.79",190.66,,,,
308,July,4,29,"4,576.94",157.83,,,,
308,August,9,22,"4,099.37",186.34,,,,
308,September,15,24,"4,300.46",179.19,,,,
308,October,18,25,"4,306.26",172.25,,,,
308,November,10,20,"3,332.78",166.64,,,,
308,December,12,20,"3,208.66",160.43,,,,
309,January,7,17,"2,328.95",137,,,,
309,February,10,22,"2,996.54",136.21,,,,
309,March,13,19,"2,772.50",145.92,,,,
309,April,13,22,"3,285.17",149.33,,,,
309,May,7,23,"3,249.63",141.29,,,,
309,June,11,21,"3,343.46",159.21,,,,
309,July,11,19,"2,943.58",154.93,,,,
309,August,10,19,"2,763.36",145.44,,,,
309,September,17,21,"3,756.61",178.89,,,,
309,October,23,30,"4,428.43",147.61,,,,
309,November,14,21,"3,543.01",168.71,,,,
309,December,6,15,"2,171.65",144.78,,,,
310,January,3,4,552.28,138.07,,,,
310,February,5,10,"1,594.25",159.43,,,,
310,March,14,21,"3,122.60",148.7,,,,
310,April,14,23,"3,890.81",169.17,,,,
310,May,10,17,"3,538.84",208.17,,,,
310,June,15,17,"2,858.74",168.16,,,,
310,July,18,27,"4,764.99",176.48,,,,
310,August,14,25,"4,382.98",175.32,,,,
310,September,15,23,"4,686.72",203.77,,,,
310,October,13,25,"4,152.00",166.08,,,,
310,November,11,21,"4,014.23",191.15,,,,
310,December,11,14,"2,059.47",147.11,,,,
312,January,3,4,629.08,157.27,,,,
312,February,4,5,919.3,183.86,,,,
312,March,7,14,"2,573.23",183.8,,,,
312,April,8,19,"2,851.08",150.06,,,,
312,May,7,13,"2,579.98",198.46,,,,
312,June,6,8,"1,625.70",203.21,,,,
312,July,6,9,"1,725.58",191.73,,,,
312,August,7,10,"1,988.75",198.88,,,,
312,September,4,9,"2,013.75",223.75,,,,
312,October,5,12,"1,945.38",162.12,,,,
312,November,5,7,"1,642.40",234.63,,,,
312,December,1,5,823.55,164.71,,,,
314,January,12,20,"2,593.08",129.65,,,,
314,February,12,16,"2,266.42",141.65,,,,
314,March,10,24,"3,209.19",133.72,,,,
314,April,16,24,"3,985.12",166.05,,,,
314,May,15,26,"4,222.13",162.39,,,,
314,June,11,23,"3,729.65",162.16,,,,
314,July,15,23,"3,609.35",156.93,,,,
314,August,15,21,"3,651.24",173.87,,,,
314,September,18,25,"3,957.97",158.32,,,,
314,October,17,31,"4,784.07",154.32,,,,
314,November,19,29,"4,344.01",149.79,,,,
314,December,12,22,"2,831.83",128.72,,,,
316,January,15,18,"2,291.16",127.29,,,,
316,February,13,21,"3,056.49",145.55,,,,
316,March,15,26,"3,710.74",142.72,,,,
316,April,12,28,"4,299.45",153.55,,,,
316,May,9,24,"4,138.29",172.43,,,,
316,June,14,26,"4,986.10",191.77,,,,
316,July,18,28,"4,381.84",156.49,,,,
316,August,13,21,"3,537.25",168.44,,,,
316,September,13,28,"4,207.58",150.27,,,,
316,October,19,30,"4,883.89",162.8,,,,
316,November,18,26,"4,067.95",156.46,,,,
316,December,13,21,"2,590.01",123.33,,,,
318,January,13,18,"2,319.95",128.89,,,,
318,February,17,24,"3,559.79",148.32,,,,
318,March,11,26,"3,828.00",147.23,,,,
318,April,16,26,"3,806.45",146.4,,,,
318,May,11,25,"3,699.48",147.98,,,,
318,June,16,26,"4,438.26",170.7,,,,
318,July,16,21,"3,066.30",146.01,,,,
318,August,13,22,"3,807.96",173.09,,,,
318,September,12,26,"4,019.82",154.61,,,,
318,October,18,28,"4,725.45",168.77,,,,
318,November,15,27,"3,809.55",141.09,,,,
318,December,14,23,"2,978.21",129.49,,,,
320,January,2,5,715,143,,,,
320,February,8,12,"1,774.90",147.91,,,,
320,March,10,15,"2,012.88",134.19,,,,
320,April,12,24,"3,378.32",140.76,,,,
320,May,10,22,"3,813.21",173.33,,,,
320,June,9,19,"2,859.17",150.48,,,,
320,July,11,18,"2,825.88",156.99,,,,
320,August,9,16,"2,886.45",180.4,,,,
320,September,14,22,"3,424.72",155.67,,,,
320,October,14,24,"3,795.48",158.15,,,,
320,November,14,24,"3,417.52",142.4,,,,
320,December,11,21,"2,792.36",132.97,,,,
321,January,8,12,"2,441.15",203.43,,,,
321,February,9,10,"2,493.30",249.33,,,,
321,March,10,14,"2,757.72",196.98,,,,
321,April,12,18,"3,836.33",213.13,,,,
321,May,12,15,"3,908.06",260.54,,,,
321,June,11,17,"3,369.61",198.21,,,,
321,July,14,19,"4,030.80",212.15,,,,
321,August,5,19,"3,082.39",162.23,,,,
321,September,10,16,"4,057.20",253.58,,,,
321,October,10,14,"3,475.56",248.25,,,,
321,November,9,13,"3,549.75",273.06,,,,
321,December,9,10,"2,458.75",245.88,,,,
322,January,2,4,546,136.5,,,,
322,February,7,11,"1,591.45",144.68,,,,
322,March,9,17,"2,472.48",145.44,,,,
322,April,14,23,"3,442.84",149.69,,,,
322,May,9,21,"3,888.97",185.19,,,,
322,June,13,16,"2,693.95",168.37,,,,
322,July,11,16,"2,837.99",177.37,,,,
322,August,12,16,"2,836.64",177.29,,,,
322,September,15,24,"3,993.43",166.39,,,,
322,October,15,23,"3,479.39",151.28,,,,
322,November,16,24,"3,655.47",152.31,,,,
322,December,9,16,"2,259.00",141.19,,,,
323,January,15,17,"2,001.04",117.71,,,,
323,February,13,23,"3,493.50",151.89,,,,
323,March,10,28,"3,234.45",115.52,,,,
323,April,15,28,"4,736.70",169.17,,,,
323,May,13,28,"4,599.49",164.27,,,,
323,June,12,23,"4,012.26",174.45,,,,
323,July,14,19,"2,954.08",155.48,,,,
323,August,11,21,"3,228.98",153.76,,,,
323,September,13,25,"4,092.14",163.69,,,,
323,October,13,29,"4,585.71",158.13,,,,
323,November,15,28,"4,005.57",143.06,,,,
323,December,11,18,"2,592.39",144.02,,,,
324,January,17,21,"2,692.61",128.22,,,,
324,February,14,25,"3,330.79",133.23,,,,
324,March,10,29,"4,229.03",145.83,,,,
324,April,16,27,"3,890.89",144.11,,,,
324,May,16,25,"3,778.84",151.15,,,,
324,June,14,23,"3,504.47",152.37,,,,
324,July,14,21,"3,168.72",150.89,,,,
324,August,12,21,"3,196.44",152.21,,,,
324,September,12,25,"4,171.11",166.84,,,,
324,October,20,29,"4,633.88",159.79,,,,
324,November,18,26,"3,768.91",144.96,,,,
324,December,17,21,"2,943.40",140.16,,,,
325,January,2,2,0,0,,,,
325,February,3,3,0,0,,,,
325,March,2,2,179,89.5,,,,
325,April,3,2,311.18,155.59,,,,
325,May,3,4,118.74,29.69,,,,
325,June,4,5,179,35.8,,,,
325,July,3,5,805.2,161.04,,,,
325,August,1,2,700,350,,,,
325,September,4,6,"1,549.00",258.17,,,,
325,October,4,14,"2,854.00",203.86,,,,
325,November,3,5,718,143.6,,,,
325,December,1,1,700,700,,,,
326,January,2,3,772.2,257.4,,,,
326,February,6,8,"1,696.69",212.09,,,,
326,March,9,17,"3,251.48",191.26,,,,
326,April,8,14,"2,491.03",177.93,,,,
326,May,13,20,"3,879.78",193.99,,,,
326,June,8,18,"3,905.90",216.99,,,,
326,July,10,14,"2,256.36",161.17,,,,
326,August,11,15,"3,661.40",244.09,,,,
326,September,12,19,"3,922.67",206.46,,,,
326,October,11,19,"4,828.43",254.13,,,,
326,November,7,19,"4,210.11",221.58,,,,
326,December,8,10,"2,146.25",214.63,,,,
327,January,14,17,"2,066.20",121.54,,,,
327,February,12,18,"2,731.57",151.75,,,,
327,March,16,28,"3,850.44",137.52,,,,
327,April,12,24,"3,497.58",145.73,,,,
327,May,14,24,"4,406.87",183.62,,,,
327,June,9,20,"2,950.83",147.54,,,,
327,July,17,22,"3,499.81",159.08,,,,
327,August,10,18,"3,228.40",179.36,,,,
327,September,17,23,"3,659.48",159.11,,,,
327,October,18,29,"4,558.64",157.19,,,,
327,November,17,28,"3,877.60",138.49,,,,
327,December,14,23,"3,085.31",134.14,,,,
328,January,15,19,"2,303.52",121.24,,,,
328,February,19,23,"3,536.15",153.75,,,,
328,March,15,31,"4,078.41",131.56,,,,
328,April,13,24,"3,729.99",155.42,,,,
328,May,14,23,"3,858.21",167.75,,,,
328,June,8,21,"3,275.58",155.98,,,,
328,July,13,21,"3,303.08",157.29,,,,
328,August,16,19,"2,906.57",152.98,,,,
328,September,17,24,"3,675.68",153.15,,,,
328,October,17,29,"4,609.98",158.96,,,,
328,November,18,27,"3,650.18",135.19,,,,
328,December,16,26,"3,199.84",123.07,,,,
401,January,9,14,"1,704.69",121.76,,,,
401,February,15,20,"3,171.70",158.59,,,,
401,March,15,25,"3,193.49",127.74,,,,
401,April,15,28,"4,210.91",150.39,,,,
401,May,19,27,"4,174.44",154.61,,,,
401,June,15,24,"3,683.96",153.5,,,,
401,July,11,21,"2,982.66",142.03,,,,
401,August,15,19,"3,370.06",177.37,,,,
401,September,14,28,"4,171.59",148.99,,,,
401,October,13,30,"4,887.10",162.9,,,,
401,November,16,23,"3,074.98",133.69,,,,
401,December,18,25,"3,387.82",135.51,,,,
402,January,3,4,696.5,174.13,,,,
402,February,9,14,"1,853.01",132.36,,,,
402,March,15,22,"3,344.08",152,,,,
402,April,15,25,"4,094.11",163.76,,,,
402,May,14,23,"4,239.35",184.32,,,,
402,June,13,20,"4,426.93",221.35,,,,
402,July,12,24,"3,897.14",162.38,,,,
402,August,2,4,620.92,155.23,,,,
402,September,15,20,"4,066.65",203.33,,,,
402,October,13,22,"4,108.55",186.75,,,,
402,November,10,16,"2,699.61",168.73,,,,
402,December,9,13,"2,111.89",162.45,,,,
403,January,8,12,"1,795.96",149.66,,,,
403,February,16,22,"3,193.64",145.17,,,,
403,March,10,24,"3,350.87",139.62,,,,
403,April,13,24,"3,432.88",143.04,,,,
403,May,15,26,"4,153.94",159.77,,,,
403,June,11,21,"3,762.46",179.16,,,,
403,July,11,23,"3,084.13",134.09,,,,
403,August,11,18,"3,248.40",180.47,,,,
403,September,15,25,"4,298.33",171.93,,,,
403,October,17,28,"4,709.30",168.19,,,,
403,November,18,27,"3,837.67",142.14,,,,
403,December,15,20,"2,853.64",142.68,,,,
404,January,6,10,"1,740.22",174.02,,,,
404,February,10,18,"2,429.66",134.98,,,,
404,March,16,25,"3,735.72",149.43,,,,
404,April,16,26,"4,001.57",153.91,,,,
404,May,15,21,"4,318.38",205.64,,,,
404,June,12,20,"3,848.15",192.41,,,,
404,July,16,21,"3,372.61",160.6,,,,
404,August,9,20,"4,178.92",208.95,,,,
404,September,13,21,"4,303.29",204.92,,,,
404,October,15,20,"3,320.87",166.04,,,,
404,November,14,24,"3,920.97",163.37,,,,
404,December,8,11,"1,856.98",168.82,,,,
405,January,9,14,"1,518.15",108.44,,,,
405,February,12,17,"2,231.14",131.24,,,,
405,March,14,24,"3,609.41",150.39,,,,
405,April,14,26,"3,913.07",150.5,,,,
405,May,14,21,"3,361.98",160.09,,,,
405,June,12,26,"4,318.51",166.1,,,,
405,July,11,22,"3,392.60",154.21,,,,
405,August,12,19,"3,130.80",164.78,,,,
405,September,13,27,"3,945.21",146.12,,,,
405,October,18,26,"4,089.38",157.28,,,,
405,November,14,23,"3,396.73",147.68,,,,
405,December,10,24,"3,038.32",126.6,,,,
406,January,4,5,734.65,146.93,,,,
406,February,9,16,"2,493.85",155.87,,,,
406,March,14,23,"3,554.61",154.55,,,,
406,April,13,25,"4,588.85",183.55,,,,
406,May,9,17,"3,204.65",188.51,,,,
406,June,14,20,"3,449.78",172.49,,,,
406,July,12,18,"2,929.16",162.73,,,,
406,August,12,21,"4,049.77",192.85,,,,
406,September,11,20,"4,186.10",209.31,,,,
406,October,11,22,"3,979.80",180.9,,,,
406,November,12,21,"3,028.46",144.21,,,,
406,December,9,14,"1,806.29",129.02,,,,
407,January,9,14,"1,878.08",134.15,,,,
407,February,9,14,"1,873.47",133.82,,,,
407,March,15,24,"3,361.82",140.08,,,,
407,April,13,25,"3,951.83",158.07,,,,
407,May,11,23,"3,609.52",156.94,,,,
407,June,10,18,"2,890.36",160.58,,,,
407,July,16,20,"3,752.59",187.63,,,,
407,August,11,18,"3,911.12",217.28,,,,
407,September,14,23,"4,013.65",174.51,,,,
407,October,19,29,"4,646.95",160.24,,,,
407,November,17,24,"3,281.29",136.72,,,,
407,December,13,20,"2,529.91",126.5,,,,
408,January,3,3,367.29,122.43,,,,
408,February,9,12,"2,023.23",168.6,,,,
408,March,17,25,"4,021.90",160.88,,,,
408,April,13,24,"4,261.46",177.56,,,,
408,May,10,16,"2,180.79",136.3,,,,
408,June,11,12,"1,969.62",164.14,,,,
408,July,10,15,"2,549.49",169.97,,,,
408,August,10,18,"3,516.78",195.38,,,,
408,September,15,19,"3,733.53",196.5,,,,
408,October,16,22,"4,473.23",203.33,,,,
408,November,12,21,"3,278.14",156.1,,,,
408,December,5,9,"1,365.79",151.75,,,,
409,January,7,10,"1,495.02",149.5,,,,
409,February,7,11,"1,502.15",136.56,,,,
409,March,9,18,"2,627.05",145.95,,,,
409,April,13,19,"2,830.95",149,,,,
409,May,12,21,"3,486.98",166.05,,,,
409,June,12,19,"3,339.29",175.75,,,,
409,July,10,14,"2,647.32",189.09,,,,
409,August,9,15,"2,291.06",152.74,,,,
409,September,14,23,"3,313.45",144.06,,,,
409,October,15,25,"4,375.80",175.03,,,,
409,November,9,21,"3,106.52",147.93,,,,
409,December,6,13,"1,810.23",139.25,,,,
410,January,4,4,625.87,156.47,,,,
410,February,9,9,"1,578.97",175.44,,,,
410,March,14,21,"3,065.22",145.96,,,,
410,April,12,21,"3,396.25",161.73,,,,
410,May,12,20,"3,088.69",154.43,,,,
410,June,12,17,"3,501.14",205.95,,,,
410,July,16,20,"3,647.52",182.38,,,,
410,August,11,19,"3,505.53",184.5,,,,
410,September,15,22,"3,870.60",175.94,,,,
410,October,13,19,"3,969.42",208.92,,,,
410,November,13,19,"2,959.56",155.77,,,,
410,December,11,16,"2,393.05",149.57,,,,
412,February,5,7,942.23,134.6,,,,
412,March,7,14,"2,127.67",151.98,,,,
412,April,11,17,"2,706.38",159.2,,,,
412,May,8,17,"3,183.45",187.26,,,,
412,June,4,4,868.7,217.18,,,,
412,July,5,7,"1,293.91",184.84,,,,
412,August,6,10,"2,184.44",218.44,,,,
412,September,8,14,"2,652.03",189.43,,,,
412,October,7,12,"2,742.88",228.57,,,,
412,November,7,10,"1,978.44",197.84,,,,
412,December,2,5,868,173.6,,,,
414,January,15,18,"2,198.83",122.16,,,,
414,February,12,17,"2,584.70",152.04,,,,
414,March,12,24,"3,525.52",146.9,,,,
414,April,14,26,"4,290.69",165.03,,,,
414,May,13,25,"4,214.52",168.58,,,,
414,June,6,24,"4,657.10",194.05,,,,
414,July,6,26,"3,828.76",147.26,,,,
414,August,9,23,"3,441.14",149.61,,,,
414,September,16,26,"4,261.01",163.89,,,,
414,October,15,28,"4,547.40",162.41,,,,
414,November,17,22,"3,484.52",158.39,,,,
414,December,11,23,"3,049.00",132.57,,,,
416,January,12,19,"2,300.21",121.06,,,,
416,February,14,20,"2,862.84",143.14,,,,
416,March,13,23,"2,912.78",126.64,,,,
416,April,15,26,"3,849.40",148.05,,,,
416,May,12,24,"4,178.34",174.1,,,,
416,June,15,23,"3,841.83",167.04,,,,
416,July,11,23,"3,383.16",147.09,,,,
416,August,13,21,"3,608.53",171.83,,,,
416,September,15,27,"4,117.72",152.51,,,,
416,October,15,26,"4,388.87",168.8,,,,
416,November,16,24,"3,363.35",140.14,,,,
416,December,11,22,"2,991.07",135.96,,,,
418,January,8,11,"1,349.86",122.71,,,,
418,February,10,16,"2,291.49",143.22,,,,
418,March,13,23,"3,433.12",149.27,,,,
418,April,13,23,"3,325.94",144.61,,,,
418,May,12,21,"3,758.41",178.97,,,,
418,June,15,21,"3,783.80",180.18,,,,
418,July,9,20,"2,882.61",144.13,,,,
418,August,12,19,"3,616.07",190.32,,,,
418,September,16,28,"4,285.35",153.05,,,,
418,October,11,26,"4,422.63",170.1,,,,
418,November,13,20,"2,920.74",146.04,,,,
418,December,10,18,"2,477.22",137.62,,,,
420,January,4,6,716.53,119.42,,,,
420,February,7,11,"1,550.77",140.98,,,,
420,March,8,17,"2,445.44",143.85,,,,
420,April,9,18,"2,513.78",139.65,,,,
420,May,9,18,"3,194.10",177.45,,,,
420,June,11,17,"3,209.87",188.82,,,,
420,July,12,16,"2,466.86",154.18,,,,
420,August,10,14,"2,701.08",192.93,,,,
420,September,13,23,"3,986.96",173.35,,,,
420,October,16,24,"3,685.79",153.57,,,,
420,November,15,20,"2,809.74",140.49,,,,
420,December,10,18,"2,388.10",132.67,,,,
421,January,6,7,"1,536.80",219.54,,,,
421,February,10,9,"2,292.45",254.72,,,,
421,March,12,13,"2,768.97",213,,,,
421,April,12,14,"3,363.02",240.22,,,,
421,May,11,16,"3,742.17",233.89,,,,
421,June,7,13,"3,535.94",272,,,,
421,July,9,20,"3,994.89",199.74,,,,
421,August,5,8,"2,555.40",319.43,,,,
421,September,12,17,"3,600.59",211.8,,,,
421,October,11,16,"2,991.96",187,,,,
421,November,11,19,"3,369.42",177.34,,,,
421,December,12,14,"3,243.80",231.7,,,,
422,January,3,4,296.36,74.09,,,,
422,February,6,7,981.7,140.24,,,,
422,March,9,15,"2,103.70",140.25,,,,
422,April,14,22,"3,374.00",153.36,,,,
422,May,10,18,"2,761.90",153.44,,,,
422,June,13,15,"2,226.50",148.43,,,,
422,July,8,11,"1,835.08",166.83,,,,
422,August,11,14,"2,258.96",161.35,,,,
422,September,14,21,"3,486.96",166.05,,,,
422,October,15,24,"4,093.24",170.55,,,,
422,November,12,22,"3,153.85",143.36,,,,
422,December,6,12,"1,596.40",133.03,,,,
423,January,6,8,925.11,115.64,,,,
423,February,13,17,"2,450.94",144.17,,,,
423,March,9,28,"3,368.50",120.3,,,,
423,April,14,27,"3,826.24",141.71,,,,
423,May,14,25,"4,100.97",164.04,,,,
423,June,13,19,"3,257.13",171.43,,,,
423,July,14,17,"2,809.89",165.29,,,,
423,August,12,21,"4,538.10",216.1,,,,
423,September,12,26,"4,320.62",166.18,,,,
423,October,14,27,"4,789.11",177.37,,,,
423,November,13,23,"3,367.30",146.4,,,,
423,December,9,19,"2,565.09",135,,,,
424,January,16,21,"2,729.15",129.96,,,,
424,February,12,23,"3,563.79",154.95,,,,
424,March,15,30,"3,885.86",129.53,,,,
424,April,15,28,"4,279.41",152.84,,,,
424,May,16,27,"4,114.36",152.38,,,,
424,June,15,17,"2,743.88",161.4,,,,
424,July,13,22,"3,369.77",153.17,,,,
424,August,11,16,"2,455.64",153.48,,,,
424,September,14,25,"3,729.32",149.17,,,,
424,October,13,29,"5,189.92",178.96,,,,
424,November,16,23,"3,526.80",153.34,,,,
424,December,11,15,"2,123.50",141.57,,,,
425,January,5,5,751.48,150.3,,,,
425,February,5,7,"1,322.33",188.9,,,,
425,March,5,9,"1,772.10",196.9,,,,
425,April,12,14,"2,859.17",204.23,,,,
425,May,14,19,"7,742.68",407.51,,,,
425,June,10,18,"4,296.63",238.7,,,,
425,July,7,18,"3,912.73",217.37,,,,
425,August,11,21,"5,766.24",274.58,,,,
425,September,11,18,"3,045.14",169.17,,,,
425,October,12,19,"5,011.67",263.77,,,,
425,November,9,19,"3,430.62",180.56,,,,
425,December,6,10,"2,183.75",218.38,,,,
426,January,4,4,479.23,119.81,,,,
426,February,7,7,"1,671.64",238.81,,,,
426,March,6,12,"3,151.10",262.59,,,,
426,April,11,19,"4,321.01",227.42,,,,
426,May,12,19,"3,054.88",160.78,,,,
426,June,8,11,"3,052.74",277.52,,,,
426,July,7,13,"2,375.64",182.74,,,,
426,August,9,22,"6,043.31",274.7,,,,
426,September,13,17,"3,668.17",215.77,,,,
426,October,9,17,"4,062.54",238.97,,,,
426,November,6,16,"3,026.09",189.13,,,,
426,December,7,9,"2,044.90",227.21,,,,
427,January,17,22,"2,871.79",130.54,,,,
427,February,14,21,"2,984.75",142.13,,,,
427,March,13,25,"3,711.60",148.46,,,,
427,April,14,29,"4,246.88",146.44,,,,
427,May,16,28,"3,988.42",142.44,,,,
427,June,19,24,"4,538.30",189.1,,,,
427,July,13,20,"2,981.55",149.08,,,,
427,August,12,23,"3,836.35",166.8,,,,
427,September,12,28,"4,502.93",160.82,,,,
427,October,16,27,"4,393.18",162.71,,,,
427,November,21,27,"4,311.53",159.69,,,,
427,December,14,22,"2,861.54",130.07,,,,
428,January,19,25,"3,200.42",128.02,,,,
428,February,15,23,"3,267.20",142.05,,,,
428,March,16,29,"3,924.59",135.33,,,,
428,April,12,29,"4,145.05",142.93,,,,
428,May,13,29,"4,917.39",169.57,,,,
428,June,14,24,"3,504.52",146.02,,,,
428,July,15,24,"3,670.83",152.95,,,,
428,August,11,24,"3,389.22",141.22,,,,
428,September,19,26,"4,503.04",173.19,,,,
428,October,19,28,"4,142.89",147.96,,,,
428,November,15,27,"3,507.00",129.89,,,,
428,December,15,21,"2,837.45",135.12,,,,
501,January,19,25,"2,991.27",119.65,,,,
501,February,11,27,"3,757.04",139.15,,,,
501,March,14,31,"4,334.49",139.82,,,,
501,April,12,29,"4,955.20",170.87,,,,
501,May,17,30,"4,693.16",156.44,,,,
501,June,18,27,"4,243.81",157.18,,,,
501,July,16,27,"3,689.90",136.66,,,,
501,August,13,25,"4,537.83",181.51,,,,
501,September,16,27,"4,104.85",152.03,,,,
501,October,19,28,"4,564.15",163.01,,,,
501,November,12,23,"3,705.92",161.13,,,,
501,December,18,29,"4,288.36",147.87,,,,
502,January,12,22,"2,960.63",134.57,,,,
502,February,13,21,"3,725.05",177.38,,,,
502,March,17,26,"4,361.20",167.74,,,,
502,April,11,27,"4,460.00",165.19,,,,
502,May,14,25,"4,143.32",165.73,,,,
502,June,14,26,"4,940.43",190.02,,,,
502,July,7,27,"4,421.85",163.77,,,,
502,August,12,22,"4,175.84",189.81,,,,
502,September,14,24,"4,132.89",172.2,,,,
502,October,14,21,"3,982.21",189.63,,,,
502,November,14,21,"3,141.31",149.59,,,,
502,December,15,21,"3,454.32",164.49,,,,
503,January,14,25,"3,121.86",124.87,,,,
503,February,17,27,"3,846.61",142.47,,,,
503,March,12,30,"3,468.89",115.63,,,,
503,April,15,29,"4,746.13",163.66,,,,
503,May,16,30,"4,688.25",156.28,,,,
503,June,18,29,"4,669.72",161.02,,,,
503,July,13,26,"3,903.09",150.12,,,,
503,August,11,28,"4,310.29",153.94,,,,
503,September,16,29,"4,809.69",165.85,,,,
503,October,12,30,"4,820.34",160.68,,,,
503,November,14,24,"3,406.45",141.94,,,,
503,December,23,26,"3,229.78",124.22,,,,
504,January,16,23,"3,130.11",136.09,,,,
504,February,19,24,"3,318.55",138.27,,,,
504,March,13,29,"4,068.00",140.28,,,,
504,April,16,28,"4,754.58",169.81,,,,
504,May,12,25,"4,531.44",181.26,,,,
504,June,16,27,"4,552.02",168.59,,,,
504,July,11,31,"4,970.32",160.33,,,,
504,August,18,26,"4,815.75",185.22,,,,
504,September,13,24,"3,969.98",165.42,,,,
504,October,16,22,"4,366.97",198.5,,,,
504,November,16,26,"4,103.74",157.84,,,,
504,December,16,21,"3,385.41",161.21,,,,
505,January,17,28,"3,339.48",119.27,,,,
505,February,14,27,"3,748.57",138.84,,,,
505,March,10,29,"4,463.32",153.91,,,,
505,April,12,29,"4,347.66",149.92,,,,
505,May,13,29,"4,409.03",152.04,,,,
505,June,16,29,"5,334.73",183.96,,,,
505,July,12,28,"3,908.03",139.57,,,,
505,August,8,28,"4,240.66",151.45,,,,
505,September,15,27,"4,190.97",155.22,,,,
505,October,19,30,"4,790.77",159.69,,,,
505,November,18,27,"3,727.50",138.06,,,,
505,December,18,26,"3,465.90",133.3,,,,
506,January,12,23,"3,179.33",138.23,,,,
506,February,13,21,"3,316.43",157.93,,,,
506,March,12,28,"4,147.99",148.14,,,,
506,April,18,25,"4,355.58",174.22,,,,
506,May,17,25,"4,546.33",181.85,,,,
506,June,13,22,"3,981.38",180.97,,,,
506,July,6,19,"3,233.74",170.2,,,,
506,August,13,25,"4,814.83",192.59,,,,
506,September,12,24,"4,998.97",208.29,,,,
506,October,14,22,"3,826.93",173.95,,,,
506,November,17,27,"4,678.39",173.27,,,,
506,December,14,19,"2,930.61",154.24,,,,
507,January,17,23,"2,917.92",126.87,,,,
507,February,14,26,"3,607.56",138.75,,,,
507,March,15,30,"3,891.51",129.72,,,,
507,April,8,29,"4,205.23",145.01,,,,
507,May,16,28,"4,498.14",160.65,,,,
507,June,13,27,"4,593.75",170.14,,,,
507,July,17,25,"3,938.00",157.52,,,,
507,August,16,26,"4,804.07",184.77,,,,
507,September,13,27,"4,026.38",149.13,,,,
507,October,17,31,"4,934.26",159.17,,,,
507,November,17,28,"3,696.47",132.02,,,,
507,December,18,25,"3,409.73",136.39,,,,
508,January,14,21,"2,733.02",130.14,,,,
508,February,13,19,"3,222.00",169.58,,,,
508,March,15,26,"3,792.80",145.88,,,,
508,April,17,26,"4,530.94",174.27,,,,
508,May,15,24,"4,178.51",174.1,,,,
508,June,15,25,"4,530.54",181.22,,,,
508,July,16,27,"4,287.27",158.79,,,,
508,August,11,25,"4,389.21",175.57,,,,
508,September,14,21,"3,933.90",187.33,,,,
508,October,14,22,"3,821.87",173.72,,,,
508,November,11,25,"3,849.58",153.98,,,,
508,December,10,15,"2,211.47",147.43,,,,
509,January,14,26,"3,045.27",117.13,,,,
509,February,10,19,"2,706.50",142.45,,,,
509,March,17,26,"3,412.29",131.24,,,,
509,April,13,25,"3,407.93",136.32,,,,
509,May,15,23,"4,052.90",176.21,,,,
509,June,13,23,"4,099.72",178.25,,,,
509,July,13,23,"3,064.40",133.23,,,,
509,August,13,21,"3,577.18",170.34,,,,
509,September,12,25,"4,028.85",161.15,,,,
509,October,16,31,"4,830.23",155.81,,,,
509,November,12,20,"2,933.36",146.67,,,,
509,December,8,16,"2,242.47",140.15,,,,
510,January,8,12,"1,756.80",146.4,,,,
510,February,10,18,"2,618.69",145.48,,,,
510,March,16,24,"4,171.26",173.8,,,,
510,April,13,26,"3,824.42",147.09,,,,
510,May,11,20,"4,442.14",222.11,,,,
510,June,14,23,"4,138.79",179.95,,,,
510,July,15,27,"4,366.57",161.72,,,,
510,August,12,24,"4,442.37",185.1,,,,
510,September,17,23,"4,552.81",197.95,,,,
510,October,14,24,"3,579.45",149.14,,,,
510,November,10,20,"2,983.95",149.2,,,,
510,December,11,17,"2,406.61",141.57,,,,
512,January,2,2,374.4,187.2,,,,
512,February,5,7,"1,123.30",160.47,,,,
512,March,8,15,"2,593.01",172.87,,,,
512,April,10,20,"3,607.63",180.38,,,,
512,May,8,15,"2,729.29",181.95,,,,
512,June,7,9,"2,119.75",235.53,,,,
512,July,7,13,"1,822.18",140.17,,,,
512,August,8,10,"2,111.88",211.19,,,,
512,September,7,12,"2,336.36",194.7,,,,
512,October,8,16,"2,584.63",161.54,,,,
512,November,8,8,"1,686.88",210.86,,,,
512,December,3,8,"1,289.88",161.24,,,,
514,January,18,27,"3,748.64",138.84,,,,
514,February,14,25,"3,450.96",138.04,,,,
514,March,14,30,"4,562.99",152.1,,,,
514,April,14,29,"4,988.23",172.01,,,,
514,May,17,26,"3,780.42",145.4,,,,
514,June,15,30,"4,608.82",153.63,,,,
514,July,14,29,"3,878.42",133.74,,,,
514,August,19,26,"4,269.36",164.21,,,,
514,September,18,27,"4,936.03",182.82,,,,
514,October,19,28,"4,377.40",156.34,,,,
514,November,14,18,"2,839.73",157.76,,,,
514,December,17,29,"4,036.26",139.18,,,,
516,January,14,28,"3,830.30",136.8,,,,
516,February,13,26,"3,940.54",151.56,,,,
516,March,14,28,"4,286.68",153.1,,,,
516,April,14,27,"4,195.77",155.4,,,,
516,May,14,26,"3,988.54",153.41,,,,
516,June,16,26,"4,000.80",153.88,,,,
516,July,9,30,"4,267.56",142.25,,,,
516,August,12,26,"4,541.90",174.69,,,,
516,September,8,29,"4,276.30",147.46,,,,
516,October,19,30,"4,584.38",152.81,,,,
516,November,10,18,"3,136.58",174.25,,,,
516,December,18,26,"3,648.28",140.32,,,,
518,January,18,27,"3,486.54",129.13,,,,
518,February,17,25,"3,485.30",139.41,,,,
518,March,11,31,"4,145.48",133.73,,,,
518,April,19,29,"4,774.85",164.65,,,,
518,May,15,27,"4,604.27",170.53,,,,
518,June,18,28,"5,083.97",181.57,,,,
518,July,11,31,"4,638.20",149.62,,,,
518,August,16,26,"4,292.16",165.08,,,,
518,September,16,28,"4,212.61",150.45,,,,
518,October,20,29,"4,384.46",151.19,,,,
518,November,11,18,"3,081.23",171.18,,,,
518,December,15,24,"3,070.92",127.96,,,,
520,January,9,13,"1,519.11",116.85,,,,
520,February,13,18,"2,563.15",142.4,,,,
520,March,15,20,"2,727.83",136.39,,,,
520,April,13,24,"2,977.36",124.06,,,,
520,May,15,24,"3,897.60",162.4,,,,
520,June,11,18,"2,824.56",156.92,,,,
520,July,14,22,"3,723.84",169.27,,,,
520,August,13,17,"2,719.45",159.97,,,,
520,September,11,23,"3,673.23",159.71,,,,
520,October,18,28,"4,484.88",160.17,,,,
520,November,12,19,"2,843.17",149.64,,,,
520,December,10,20,"2,638.38",131.92,,,,
521,January,9,14,"3,126.20",223.3,,,,
521,February,16,21,"4,815.78",229.32,,,,
521,March,18,22,"5,343.10",242.87,,,,
521,April,16,24,"5,009.58",208.73,,,,
521,May,11,29,"5,069.74",174.82,,,,
521,June,16,20,"5,347.46",267.37,,,,
521,July,19,21,"4,789.74",228.08,,,,
521,August,14,22,"5,632.09",256,,,,
521,September,18,22,"5,705.36",259.33,,,,
521,October,13,19,"4,997.10",263.01,,,,
521,November,12,14,"3,965.00",283.21,,,,
521,December,18,22,"5,460.73",248.22,,,,
522,January,8,9,"1,251.88",139.1,,,,
522,February,11,17,"2,247.09",132.18,,,,
522,March,12,18,"2,677.68",148.76,,,,
522,April,11,20,"2,886.67",144.33,,,,
522,May,14,22,"3,417.31",155.33,,,,
522,June,13,22,"3,469.58",157.71,,,,
522,July,18,22,"3,459.70",157.26,,,,
522,August,13,20,"3,380.97",169.05,,,,
522,September,15,26,"4,493.23",172.82,,,,
522,October,17,26,"4,420.40",170.02,,,,
522,November,14,19,"2,592.71",136.46,,,,
522,December,10,19,"2,181.81",114.83,,,,
523,January,12,20,"2,570.67",128.53,,,,
523,February,11,25,"3,449.50",137.98,,,,
523,March,14,29,"4,169.74",143.78,,,,
523,April,15,29,"4,579.73",157.92,,,,
523,May,15,31,"5,090.14",164.2,,,,
523,June,15,28,"4,439.88",158.57,,,,
523,July,20,29,"4,623.70",159.44,,,,
523,August,14,23,"3,586.87",155.95,,,,
523,September,11,29,"4,404.27",151.87,,,,
523,October,23,29,"4,421.66",152.47,,,,
523,November,12,17,"2,303.88",135.52,,,,
523,December,14,30,"3,621.53",120.72,,,,
524,January,10,23,"2,735.13",118.92,,,,
524,February,17,27,"3,442.96",127.52,,,,
524,March,13,30,"3,943.04",131.43,,,,
524,April,16,30,"4,644.47",154.82,,,,
524,May,19,31,"4,901.02",158.1,,,,
524,June,12,30,"4,913.73",163.79,,,,
524,July,9,28,"3,957.39",141.34,,,,
524,August,15,24,"4,169.35",173.72,,,,
524,September,14,28,"4,260.96",152.18,,,,
524,October,17,28,"4,518.30",161.37,,,,
524,November,12,18,"2,991.90",166.22,,,,
524,December,17,23,"3,490.32",151.75,,,,
525,January,7,11,"2,023.11",183.92,,,,
525,February,10,15,"2,738.83",182.59,,,,
525,March,6,23,"4,215.72",183.29,,,,
525,April,12,25,"5,225.81",209.03,,,,
525,May,11,24,"5,232.43",218.02,,,,
525,June,14,22,"4,010.01",182.27,,,,
525,July,11,17,"3,340.03",196.47,,,,
525,August,13,22,"5,618.46",255.38,,,,
525,September,11,19,"5,028.89",264.68,,,,
525,October,13,18,"3,231.73",179.54,,,,
525,November,7,12,"3,373.10",281.09,,,,
525,December,5,18,"3,539.97",196.67,,,,
526,January,9,10,"1,719.82",171.98,,,,
526,February,11,16,"3,361.71",210.11,,,,
526,March,11,16,"3,073.74",192.11,,,,
526,April,15,24,"5,711.65",237.99,,,,
526,May,10,23,"4,054.40",176.28,,,,
526,June,10,19,"4,675.17",246.06,,,,
526,July,15,23,"5,272.71",229.25,,,,
526,August,8,14,"3,657.93",261.28,,,,
526,September,9,23,"4,018.13",174.7,,,,
526,October,11,22,"4,914.57",223.39,,,,
526,November,7,14,"3,065.06",218.93,,,,
526,December,9,13,"2,770.52",213.12,,,,
527,January,18,27,"2,944.28",109.05,,,,
527,February,15,25,"3,162.63",126.51,,,,
527,March,19,31,"4,245.43",136.95,,,,
527,April,16,29,"4,223.15",145.63,,,,
527,May,20,30,"5,184.98",172.83,,,,
527,June,18,29,"3,981.97",137.31,,,,
527,July,16,29,"4,667.23",160.94,,,,
527,August,16,27,"4,662.78",172.7,,,,
527,September,11,29,"4,695.43",161.91,,,,
527,October,20,28,"4,819.40",172.12,,,,
527,November,11,23,"3,667.51",159.46,,,,
527,December,19,29,"4,456.89",153.69,,,,
528,January,17,25,"3,001.04",120.04,,,,
528,February,13,26,"3,796.89",146.03,,,,
528,March,18,28,"4,002.26",142.94,,,,
528,April,16,29,"4,222.45",145.6,,,,
528,May,15,26,"4,185.11",160.97,,,,
528,June,15,29,"4,416.55",152.29,,,,
528,July,16,29,"4,017.80",138.54,,,,
528,August,15,25,"4,314.71",172.59,,,,
528,September,15,25,"3,856.66",154.27,,,,
528,October,19,30,"4,673.42",155.78,,,,
528,November,16,25,"3,283.13",131.33,,,,
528,December,21,29,"3,450.23",118.97,,,,
601,January,16,24,"2,924.00",121.83,,,,
601,February,18,27,"3,638.48",134.76,,,,
601,March,18,29,"3,926.51",135.4,,,,
601,April,18,27,"4,319.57",159.98,,,,
601,May,15,28,"4,771.37",170.41,,,,
601,June,11,27,"4,750.80",175.96,,,,
601,July,14,26,"3,518.75",135.34,,,,
601,August,13,25,"4,147.53",165.9,,,,
601,September,12,26,"4,266.53",164.1,,,,
601,October,20,30,"4,618.58",153.95,,,,
601,November,13,25,"3,434.79",137.39,,,,
601,December,15,26,"3,681.07",141.58,,,,
602,January,11,22,"2,831.52",128.71,,,,
602,February,14,22,"3,282.76",149.22,,,,
602,March,17,28,"4,017.27",143.47,,,,
602,April,16,28,"4,595.98",164.14,,,,
602,May,12,26,"4,348.14",167.24,,,,
602,June,12,26,"4,565.93",175.61,,,,
602,July,13,25,"4,048.64",161.95,,,,
602,August,15,27,"5,280.00",195.56,,,,
602,September,16,24,"4,845.80",201.91,,,,
602,October,14,25,"4,417.15",176.69,,,,
602,November,13,27,"3,964.53",146.83,,,,
602,December,10,14,"2,133.09",152.36,,,,
603,January,19,27,"3,440.36",127.42,,,,
603,February,15,27,"3,423.47",126.8,,,,
603,March,13,28,"3,762.34",134.37,,,,
603,April,11,29,"4,240.43",146.22,,,,
603,May,14,29,"4,687.35",161.63,,,,
603,June,12,28,"5,073.24",181.19,,,,
603,July,13,23,"3,249.35",141.28,,,,
603,August,17,29,"4,678.31",161.32,,,,
603,September,19,26,"4,455.82",171.38,,,,
603,October,19,30,"4,310.38",143.68,,,,
603,November,19,29,"3,927.08",135.42,,,,
603,December,19,25,"3,160.86",126.43,,,,
604,January,16,23,"2,897.06",125.96,,,,
604,February,16,23,"3,533.94",153.65,,,,
604,March,14,25,"3,373.19",134.93,,,,
604,April,14,26,"4,103.41",157.82,,,,
604,May,12,28,"4,900.76",175.03,,,,
604,June,16,25,"4,784.73",191.39,,,,
604,July,15,25,"3,807.85",152.31,,,,
604,August,13,31,"6,048.62",195.12,,,,
604,September,16,24,"4,749.10",197.88,,,,
604,October,12,23,"4,043.03",175.78,,,,
604,November,20,26,"4,199.25",161.51,,,,
604,December,12,21,"3,275.79",155.99,,,,
605,January,18,25,"3,070.54",122.82,,,,
605,February,13,26,"3,420.14",131.54,,,,
605,March,15,28,"3,472.85",124.03,,,,
605,April,16,26,"4,145.18",159.43,,,,
605,May,15,25,"4,597.33",183.89,,,,
605,June,13,25,"3,983.26",159.33,,,,
605,July,14,25,"3,961.35",158.45,,,,
605,August,16,25,"4,445.51",177.82,,,,
605,September,20,26,"4,208.18",161.85,,,,
605,October,16,29,"4,484.75",154.65,,,,
605,November,19,25,"3,589.96",143.6,,,,
605,December,14,27,"3,857.03",142.85,,,,
606,January,13,20,"2,351.34",117.57,,,,
606,February,13,20,"3,076.84",153.84,,,,
606,March,15,28,"4,236.00",151.29,,,,
606,April,18,27,"4,808.95",178.11,,,,
606,May,17,25,"4,576.42",183.06,,,,
606,June,15,24,"3,969.14",165.38,,,,
606,July,16,25,"4,790.02",191.6,,,,
606,August,16,28,"5,678.61",202.81,,,,
606,September,14,21,"3,819.09",181.86,,,,
606,October,14,21,"3,591.60",171.03,,,,
606,November,13,23,"3,879.33",168.67,,,,
606,December,10,14,"2,424.92",173.21,,,,
607,January,19,25,"3,107.29",124.29,,,,
607,February,17,25,"3,548.37",141.93,,,,
607,March,17,30,"4,300.59",143.35,,,,
607,April,11,27,"4,129.91",152.96,,,,
607,May,16,27,"4,658.47",172.54,,,,
607,June,16,24,"3,880.76",161.7,,,,
607,July,17,24,"3,529.39",147.06,,,,
607,August,16,23,"3,731.89",162.26,,,,
607,September,14,27,"4,683.21",173.45,,,,
607,October,19,29,"4,824.99",166.38,,,,
607,November,18,26,"3,740.21",143.85,,,,
607,December,15,24,"3,493.82",145.58,,,,
608,January,8,15,"1,991.41",132.76,,,,
608,February,17,22,"3,346.93",152.13,,,,
608,March,16,26,"3,664.12",140.93,,,,
608,April,15,29,"5,292.75",182.51,,,,
608,May,8,25,"4,396.12",175.84,,,,
608,June,13,23,"3,638.48",158.19,,,,
608,July,14,26,"4,810.03",185,,,,
608,August,13,27,"5,481.60",203.02,,,,
608,September,10,24,"4,882.61",203.44,,,,
608,October,15,19,"3,584.28",188.65,,,,
608,November,16,25,"4,474.61",178.98,,,,
608,December,11,14,"2,176.59",155.47,,,,
609,January,18,25,"3,170.86",126.83,,,,
609,February,16,25,"3,584.02",143.36,,,,
609,March,16,22,"3,075.80",139.81,,,,
609,April,14,21,"3,175.34",151.21,,,,
609,May,14,25,"3,931.56",157.26,,,,
609,June,13,18,"3,143.74",174.65,,,,
609,July,14,21,"3,472.45",165.35,,,,
609,August,15,23,"3,916.39",170.28,,,,
609,September,11,23,"3,702.42",160.97,,,,
609,October,19,28,"4,466.68",159.52,,,,
609,November,12,20,"2,688.99",134.45,,,,
609,December,11,19,"2,648.47",139.39,,,,
610,January,12,14,"1,957.43",139.82,,,,
610,February,7,10,"1,505.90",150.59,,,,
610,March,14,22,"3,173.95",144.27,,,,
610,April,12,29,"5,698.80",196.51,,,,
610,May,12,25,"4,580.37",183.21,,,,
610,June,13,17,"3,425.04",201.47,,,,
610,July,17,26,"4,771.58",183.52,,,,
610,August,12,26,"5,067.03",194.89,,,,
610,September,16,24,"4,601.93",191.75,,,,
610,October,14,17,"3,255.52",191.5,,,,
610,November,13,22,"3,805.31",172.97,,,,
610,December,12,14,"2,037.65",145.55,,,,
612,January,1,2,304.2,152.1,,,,
612,February,5,5,"1,061.75",212.35,,,,
612,March,6,15,"2,411.10",160.74,,,,
612,April,9,17,"3,706.40",218.02,,,,
612,May,9,12,"2,517.35",209.78,,,,
612,June,7,9,"1,631.51",181.28,,,,
612,July,7,14,"2,333.99",166.71,,,,
612,August,8,10,"1,863.93",186.39,,,,
612,September,8,11,"1,922.99",174.82,,,,
612,October,6,9,"1,847.78",205.31,,,,
612,November,9,14,"2,306.06",164.72,,,,
612,December,3,7,"1,348.06",192.58,,,,
614,January,18,26,"3,211.58",123.52,,,,
614,February,8,23,"3,502.43",152.28,,,,
614,March,14,27,"3,842.35",142.31,,,,
614,April,16,26,"4,063.75",156.3,,,,
614,May,18,27,"4,946.33",183.2,,,,
614,June,9,27,"5,020.94",185.96,,,,
614,July,12,26,"3,435.99",132.15,,,,
614,August,12,26,"3,840.11",147.7,,,,
614,September,14,29,"4,454.03",153.59,,,,
614,October,16,28,"4,636.04",165.57,,,,
614,November,14,27,"4,077.95",151.04,,,,
614,December,12,28,"3,878.48",138.52,,,,
616,January,16,26,"3,297.24",126.82,,,,
616,February,15,27,"3,925.20",145.38,,,,
616,March,12,24,"3,945.83",164.41,,,,
616,April,13,27,"4,555.13",168.71,,,,
616,May,15,27,"4,312.93",159.74,,,,
616,June,10,26,"4,695.76",180.61,,,,
616,July,13,25,"4,473.16",178.93,,,,
616,August,15,30,"5,117.13",170.57,,,,
616,September,17,25,"4,448.11",177.92,,,,
616,October,13,25,"4,003.40",160.14,,,,
616,November,15,25,"3,458.59",138.34,,,,
616,December,14,25,"3,713.16",148.53,,,,
618,January,19,23,"2,783.05",121,,,,
618,February,14,25,"3,555.34",142.21,,,,
618,March,12,26,"3,696.03",142.16,,,,
618,April,12,24,"3,598.70",149.95,,,,
618,May,14,25,"4,262.19",170.49,,,,
618,June,13,27,"4,675.63",173.17,,,,
618,July,11,28,"4,040.32",144.3,,,,
618,August,14,22,"3,357.56",152.62,,,,
618,September,15,28,"4,671.08",166.82,,,,
618,October,17,29,"4,722.71",162.85,,,,
618,November,12,24,"3,496.24",145.68,,,,
618,December,13,23,"3,106.08",135.05,,,,
620,January,5,13,"1,428.31",109.87,,,,
620,February,10,15,"2,128.82",141.92,,,,
620,March,11,17,"2,438.37",143.43,,,,
620,April,12,24,"3,504.69",146.03,,,,
620,May,14,23,"3,808.68",165.59,,,,
620,June,11,21,"3,601.41",171.5,,,,
620,July,12,23,"3,425.49",148.93,,,,
620,August,13,21,"3,856.60",183.65,,,,
620,September,16,22,"3,679.85",167.27,,,,
620,October,18,23,"3,829.95",166.52,,,,
620,November,15,21,"3,218.43",153.26,,,,
620,December,13,18,"2,355.94",130.89,,,,
621,January,12,15,"3,154.18",210.28,,,,
621,February,13,15,"3,468.60",231.24,,,,
621,March,15,20,"4,750.01",237.5,,,,
621,April,9,18,"4,129.68",229.43,,,,
621,May,14,20,"4,857.31",242.87,,,,
621,June,12,17,"5,206.15",306.24,,,,
621,July,12,17,"3,790.43",222.97,,,,
621,August,12,17,"4,435.10",260.89,,,,
621,September,13,21,"5,183.29",246.82,,,,
621,October,13,18,"3,672.37",204.02,,,,
621,November,16,24,"6,201.26",258.39,,,,
621,December,14,18,"4,018.40",223.24,,,,
622,January,8,10,"1,474.49",147.45,,,,
622,February,13,20,"2,664.86",133.24,,,,
622,March,12,16,"2,127.32",132.96,,,,
622,April,10,22,"3,348.33",152.2,,,,
622,May,15,23,"3,985.87",173.3,,,,
622,June,14,22,"3,440.00",156.36,,,,
622,July,13,22,"3,418.83",155.4,,,,
622,August,12,17,"2,721.80",160.11,,,,
622,September,15,22,"3,793.23",172.42,,,,
622,October,16,25,"3,807.88",152.32,,,,
622,November,16,21,"3,029.10",144.24,,,,
622,December,10,15,"2,215.82",147.72,,,,
623,January,12,26,"3,234.49",124.4,,,,
623,February,16,23,"3,108.71",135.16,,,,
623,March,15,29,"3,674.51",126.71,,,,
623,April,12,28,"4,725.30",168.76,,,,
623,May,12,29,"4,895.96",168.83,,,,
623,June,15,29,"4,818.64",166.16,,,,
623,July,12,27,"4,175.00",154.63,,,,
623,August,12,24,"3,633.87",151.41,,,,
623,September,16,29,"5,171.01",178.31,,,,
623,October,17,30,"4,734.62",157.82,,,,
623,November,17,29,"4,215.77",145.37,,,,
623,December,15,25,"3,216.76",128.67,,,,
624,January,17,24,"2,975.01",123.96,,,,
624,February,15,23,"3,171.94",137.91,,,,
624,March,16,27,"3,446.59",127.65,,,,
624,April,14,28,"4,220.61",150.74,,,,
624,May,19,29,"4,611.54",159.02,,,,
624,June,15,27,"4,129.13",152.93,,,,
624,July,12,31,"4,658.86",150.29,,,,
624,August,8,25,"4,630.11",185.2,,,,
624,September,21,28,"4,670.70",166.81,,,,
624,October,20,27,"4,341.39",160.79,,,,
624,November,18,27,"3,984.23",147.56,,,,
624,December,18,25,"3,002.81",120.11,,,,
625,January,11,18,"2,281.92",126.77,,,,
625,February,11,14,"3,072.41",219.46,,,,
625,March,11,18,"3,350.60",186.14,,,,
625,April,12,19,"4,427.90",233.05,,,,
625,May,13,24,"4,689.83",195.41,,,,
625,June,15,18,"4,128.09",229.34,,,,
625,July,15,26,"5,681.34",218.51,,,,
625,August,11,22,"5,208.41",236.75,,,,
625,September,11,25,"5,410.34",216.41,,,,
625,October,12,20,"4,157.22",207.86,,,,
625,November,11,22,"5,460.53",248.21,,,,
625,December,13,19,"3,392.08",178.53,,,,
626,January,9,12,"2,326.43",193.87,,,,
626,February,11,14,"2,324.82",166.06,,,,
626,March,15,20,"3,181.32",159.07,,,,
626,April,8,19,"3,683.74",193.88,,,,
626,May,12,23,"3,870.61",168.29,,,,
626,June,10,18,"4,896.02",272,,,,
626,July,15,19,"3,933.78",207.04,,,,
626,August,11,22,"5,486.07",249.37,,,,
626,September,10,18,"4,581.65",254.54,,,,
626,October,7,26,"4,987.45",191.83,,,,
626,November,11,19,"3,287.06",173,,,,
626,December,8,15,"3,405.58",227.04,,,,
627,January,18,25,"3,368.36",134.73,,,,
627,February,12,25,"3,475.57",139.02,,,,
627,March,14,30,"3,932.53",131.08,,,,
627,April,14,27,"3,967.07",146.93,,,,
627,May,13,28,"3,476.70",124.17,,,,
627,June,15,28,"4,626.79",165.24,,,,
627,July,12,27,"3,892.84",144.18,,,,
627,August,18,26,"4,445.80",170.99,,,,
627,September,19,29,"4,703.61",162.19,,,,
627,October,18,28,"4,832.91",172.6,,,,
627,November,18,26,"3,956.47",152.17,,,,
627,December,16,26,"3,467.23",133.36,,,,
628,January,17,27,"3,094.11",114.6,,,,
628,February,17,26,"3,371.93",129.69,,,,
628,March,13,28,"3,612.21",129.01,,,,
628,April,15,29,"5,021.40",173.15,,,,
628,May,14,23,"3,781.73",164.42,,,,
628,June,17,28,"4,312.06",154,,,,
628,July,8,28,"4,177.55",149.2,,,,
628,August,18,27,"4,685.33",173.53,,,,
628,September,15,24,"4,275.48",178.15,,,,
628,October,22,29,"4,901.39",169.01,,,,
628,November,14,28,"4,124.24",147.29,,,,
628,December,21,26,"3,402.53",130.87,,,,
701,January,12,16,"2,185.47",136.59,,,,
701,February,18,22,"2,904.94",132.04,,,,
701,March,17,19,"3,050.08",160.53,,,,
701,April,16,23,"3,742.94",162.74,,,,
701,May,8,19,"3,487.13",183.53,,,,
701,June,15,18,"3,037.23",168.74,,,,
701,July,14,22,"3,881.89",176.45,,,,
701,August,16,21,"3,368.53",160.41,,,,
701,September,16,21,"3,412.16",162.48,,,,
701,October,16,24,"3,889.27",162.05,,,,
701,November,15,25,"3,981.23",159.25,,,,
701,December,14,18,"2,801.56",155.64,,,,
702,January,6,9,879.74,97.75,,,,
702,February,10,18,"2,698.68",149.93,,,,
702,March,19,23,"3,679.08",159.96,,,,
702,April,15,23,"4,169.82",181.3,,,,
702,May,12,16,"3,285.53",205.35,,,,
702,June,15,19,"3,270.53",172.13,,,,
702,July,16,23,"4,541.03",197.44,,,,
702,August,17,25,"5,252.47",210.1,,,,
702,September,11,14,"2,669.84",190.7,,,,
702,October,13,18,"4,019.18",223.29,,,,
702,November,14,17,"2,880.30",169.43,,,,
702,December,11,15,"1,985.34",132.36,,,,
703,January,8,13,"1,576.93",121.3,,,,
703,February,14,20,"2,563.97",128.2,,,,
703,March,15,22,"3,449.52",156.8,,,,
703,April,12,18,"2,913.97",161.89,,,,
703,May,14,21,"3,555.91",169.33,,,,
703,June,12,17,"2,912.04",171.3,,,,
703,July,16,21,"3,146.36",149.83,,,,
703,August,19,23,"3,449.51",149.98,,,,
703,September,14,19,"3,075.66",161.88,,,,
703,October,18,21,"3,132.17",149.15,,,,
703,November,17,22,"3,199.10",145.41,,,,
703,December,15,21,"3,158.29",150.39,,,,
704,January,4,8,744.31,93.04,,,,
704,February,9,13,"2,000.24",153.86,,,,
704,March,15,21,"3,188.61",151.84,,,,
704,April,12,21,"3,742.23",178.2,,,,
704,May,13,16,"3,005.07",187.82,,,,
704,June,14,19,"2,875.07",151.32,,,,
704,July,14,21,"3,691.47",175.78,,,,
704,August,16,23,"4,638.17",201.66,,,,
704,September,13,17,"3,182.54",187.21,,,,
704,October,9,14,"2,570.61",183.62,,,,
704,November,12,14,"2,691.74",192.27,,,,
704,December,11,14,"2,277.32",162.67,,,,
705,January,7,8,"1,143.87",142.98,,,,
705,February,15,17,"2,432.14",143.07,,,,
705,March,14,20,"3,002.14",150.11,,,,
705,April,11,18,"2,345.54",130.31,,,,
705,May,14,21,"3,616.45",172.21,,,,
705,June,11,15,"2,534.27",168.95,,,,
705,July,12,17,"2,751.06",161.83,,,,
705,August,11,21,"3,597.64",171.32,,,,
705,September,13,19,"3,230.48",170.03,,,,
705,October,14,21,"3,229.18",153.77,,,,
705,November,17,20,"3,416.71",170.84,,,,
705,December,14,18,"3,530.95",196.16,,,,
706,January,9,12,"1,669.01",139.08,,,,
706,February,10,13,"1,959.15",150.7,,,,
706,March,20,25,"4,166.37",166.65,,,,
706,April,11,20,"3,164.84",158.24,,,,
706,May,12,16,"3,473.55",217.1,,,,
706,June,14,17,"3,345.76",196.81,,,,
706,July,15,22,"3,718.34",169.02,,,,
706,August,16,26,"4,801.80",184.68,,,,
706,September,10,18,"3,340.09",185.56,,,,
706,October,8,11,"2,417.94",219.81,,,,
706,November,10,15,"2,636.57",175.77,,,,
706,December,12,16,"2,326.80",145.43,,,,
707,January,8,17,"2,070.47",121.79,,,,
707,February,13,20,"2,745.23",137.26,,,,
707,March,14,20,"2,679.13",133.96,,,,
707,April,14,23,"3,423.03",148.83,,,,
707,May,13,21,"3,257.75",155.13,,,,
707,June,11,17,"2,972.15",174.83,,,,
707,July,10,17,"2,736.96",161,,,,
707,August,16,21,"3,593.58",171.12,,,,
707,September,14,18,"2,926.99",162.61,,,,
707,October,16,22,"3,648.74",165.85,,,,
707,November,15,19,"2,806.70",147.72,,,,
707,December,13,17,"2,269.33",133.49,,,,
708,January,4,7,967.58,138.23,,,,
708,February,8,10,"1,817.85",181.79,,,,
708,March,14,19,"2,789.91",146.84,,,,
708,April,13,23,"3,326.46",144.63,,,,
708,May,12,16,"3,275.69",204.73,,,,
708,June,10,16,"2,855.47",178.47,,,,
708,July,10,19,"3,138.49",165.18,,,,
708,August,14,21,"4,513.04",214.91,,,,
708,September,9,14,"2,592.13",185.15,,,,
708,October,9,11,"2,012.02",182.91,,,,
708,November,12,14,"2,577.79",184.13,,,,
708,December,10,13,"2,320.83",178.53,,,,
709,January,5,8,867.76,108.47,,,,
709,February,13,17,"2,315.02",136.18,,,,
709,March,10,16,"2,242.06",140.13,,,,
709,April,7,13,"1,975.10",151.93,,,,
709,May,14,18,"2,847.37",158.19,,,,
709,June,12,16,"3,086.37",192.9,,,,
709,July,12,15,"2,252.63",150.18,,,,
709,August,11,18,"3,262.48",181.25,,,,
709,September,9,17,"3,069.29",180.55,,,,
709,October,13,21,"3,311.64",157.7,,,,
709,November,12,17,"2,624.74",154.4,,,,
709,December,11,12,"1,884.64",157.05,,,,
710,January,5,6,776.55,129.43,,,,
710,February,6,10,"1,470.40",147.04,,,,
710,March,13,18,"2,540.60",141.14,,,,
710,April,10,18,"3,116.15",173.12,,,,
710,May,6,12,"2,875.80",239.65,,,,
710,June,11,17,"3,270.77",192.4,,,,
710,July,12,23,"3,599.71",156.51,,,,
710,August,11,21,"3,618.70",172.32,,,,
710,September,10,14,"2,808.88",200.63,,,,
710,October,8,14,"2,778.00",198.43,,,,
710,November,12,16,"2,520.60",157.54,,,,
710,December,8,9,"1,316.87",146.32,,,,
712,February,3,4,942.3,235.58,,,,
712,March,4,6,760.79,126.8,,,,
712,April,9,15,"2,383.79",158.92,,,,
712,May,5,9,"2,169.62",241.07,,,,
712,June,5,5,937.34,187.47,,,,
712,July,6,10,"1,640.72",164.07,,,,
712,August,5,10,"2,674.54",267.45,,,,
712,September,4,5,"1,004.78",200.96,,,,
712,October,5,8,"1,448.11",181.01,,,,
712,November,8,8,"1,509.65",188.71,,,,
712,December,1,4,832.3,208.08,,,,
714,January,9,14,"1,884.79",134.63,,,,
714,February,16,20,"2,773.46",138.67,,,,
714,March,17,26,"3,578.13",137.62,,,,
714,April,12,20,"3,017.00",150.85,,,,
714,May,9,23,"3,962.94",172.3,,,,
714,June,13,20,"3,474.55",173.73,,,,
714,July,16,20,"3,178.92",158.95,,,,
714,August,17,28,"4,926.79",175.96,,,,
714,September,16,22,"3,812.09",173.28,,,,
714,October,19,23,"3,528.60",153.42,,,,
714,November,16,25,"3,387.19",135.49,,,,
714,December,13,21,"2,267.52",107.98,,,,
716,January,10,15,"2,182.84",145.52,,,,
716,February,17,22,"3,052.98",138.77,,,,
716,March,17,24,"3,519.58",146.65,,,,
716,April,18,22,"3,453.09",156.96,,,,
716,May,14,21,"3,737.80",177.99,,,,
716,June,15,20,"2,970.90",148.55,,,,
716,July,14,22,"3,174.58",144.3,,,,
716,August,13,22,"4,118.80",187.22,,,,
716,September,8,22,"3,562.77",161.94,,,,
716,October,17,25,"3,910.70",156.43,,,,
716,November,16,21,"3,154.75",150.23,,,,
716,December,15,20,"2,414.47",120.72,,,,
718,January,9,16,"1,889.88",118.12,,,,
718,February,14,17,"2,444.96",143.82,,,,
718,March,15,24,"2,970.94",123.79,,,,
718,April,17,23,"3,768.05",163.83,,,,
718,May,16,24,"3,476.33",144.85,,,,
718,June,14,22,"3,576.18",162.55,,,,
718,July,17,21,"3,398.20",161.82,,,,
718,August,20,26,"4,067.60",156.45,,,,
718,September,14,21,"3,332.56",158.69,,,,
718,October,16,25,"4,659.37",186.37,,,,
718,November,19,23,"3,210.35",139.58,,,,
718,December,15,19,"2,811.79",147.99,,,,
720,January,3,4,523,130.75,,,,
720,February,10,14,"1,885.49",134.68,,,,
720,March,9,18,"2,243.33",124.63,,,,
720,April,7,16,"2,159.31",134.96,,,,
720,May,10,14,"2,083.22",148.8,,,,
720,June,12,17,"3,006.81",176.87,,,,
720,July,11,17,"2,529.25",148.78,,,,
720,August,11,14,"2,519.21",179.94,,,,
720,September,7,13,"2,197.67",169.05,,,,
720,October,12,22,"3,527.77",160.35,,,,
720,November,15,18,"2,593.63",144.09,,,,
720,December,10,14,"1,878.16",134.15,,,,
721,January,8,8,"1,738.74",217.34,,,,
721,February,14,15,"3,424.38",228.29,,,,
721,March,10,12,"2,540.34",211.69,,,,
721,April,8,14,"3,281.02",234.36,,,,
721,May,13,18,"4,537.95",252.11,,,,
721,June,14,15,"3,699.03",246.6,,,,
721,July,12,15,"3,644.60",242.97,,,,
721,August,7,10,"2,810.16",281.02,,,,
721,September,10,15,"4,059.19",270.61,,,,
721,October,15,17,"4,247.34",249.84,,,,
721,November,13,17,"4,335.10",255.01,,,,
721,December,12,17,"3,775.50",222.09,,,,
722,January,4,5,677,135.4,,,,
722,February,8,13,"1,998.16",153.7,,,,
722,March,11,12,"1,493.67",124.47,,,,
722,April,7,15,"2,159.39",143.96,,,,
722,May,12,16,"2,145.08",134.07,,,,
722,June,10,15,"2,228.52",148.57,,,,
722,July,11,17,"3,025.79",177.99,,,,
722,August,12,19,"3,159.18",166.27,,,,
722,September,10,13,"2,296.57",176.66,,,,
722,October,13,21,"3,309.88",157.61,,,,
722,November,16,17,"2,919.78",171.75,,,,
722,December,6,8,996.23,124.53,,,,
723,January,14,19,"2,491.82",131.15,,,,
723,February,17,21,"3,056.88",145.57,,,,
723,March,18,27,"3,237.77",119.92,,,,
723,April,16,25,"3,965.80",158.63,,,,
723,May,17,27,"4,294.57",159.06,,,,
723,June,13,23,"3,777.98",164.26,,,,
723,July,13,22,"3,372.96",153.32,,,,
723,August,15,27,"4,700.24",174.08,,,,
723,September,14,19,"2,838.29",149.38,,,,
723,October,15,23,"3,396.78",147.69,,,,
723,November,19,22,"3,559.04",161.77,,,,
723,December,12,18,"2,653.87",147.44,,,,
724,January,9,21,"2,595.72",123.61,,,,
724,February,18,24,"3,613.56",150.57,,,,
724,March,22,27,"3,526.07",130.6,,,,
724,April,11,23,"3,078.14",133.83,,,,
724,May,15,22,"3,781.00",171.86,,,,
724,June,15,25,"4,079.29",163.17,,,,
724,July,13,21,"3,371.93",160.57,,,,
724,August,12,19,"3,038.32",159.91,,,,
724,September,15,21,"3,205.89",152.66,,,,
724,October,16,25,"4,029.19",161.17,,,,
724,November,17,19,"3,065.51",161.34,,,,
724,December,11,16,"1,803.82",112.74,,,,
725,January,2,4,"1,048.45",262.11,,,,
725,February,8,14,"2,171.91",155.14,,,,
725,March,10,13,"2,480.84",190.83,,,,
725,April,8,14,"2,782.25",198.73,,,,
725,May,13,22,"5,992.48",272.39,,,,
725,June,13,17,"3,365.87",197.99,,,,
725,July,10,16,"3,306.63",206.66,,,,
725,August,16,22,"5,811.91",264.18,,,,
725,September,11,17,"3,348.83",196.99,,,,
725,October,9,13,"3,141.25",241.63,,,,
725,November,13,21,"5,381.24",256.25,,,,
725,December,8,9,"1,816.53",201.84,,,,
726,January,4,6,888.31,148.05,,,,
726,February,7,9,"1,863.94",207.1,,,,
726,March,8,11,"1,994.08",181.28,,,,
726,April,7,15,"3,713.87",247.59,,,,
726,May,12,18,"3,975.62",220.87,,,,
726,June,11,13,"3,705.94",285.07,,,,
726,July,8,12,"2,763.27",230.27,,,,
726,August,12,25,"4,961.47",198.46,,,,
726,September,10,17,"3,874.16",227.89,,,,
726,October,10,16,"3,284.63",205.29,,,,
726,November,10,17,"4,309.76",253.52,,,,
726,December,8,10,"1,933.64",193.36,,,,
727,January,9,13,"1,723.43",132.57,18782,31050,"5,064,270.44",163.1
727,February,15,21,"3,410.27",162.39,18782,31050,"5,064,270.44",163.1
727,March,19,28,"3,965.10",141.61,18782,31050,"5,064,270.44",163.1
727,April,1,29,"3,201.00",110.38,18782,31050,"5,064,270.44",163.1
727,May,10,24,"4,118.58",171.61,18782,31050,"5,064,270.44",163.1
727,June,13,26,"3,666.41",141.02,18782,31050,"5,064,270.44",163.1
727,July,15,27,"4,434.14",164.23,18782,31050,"5,064,270.44",163.1
727,August,13,29,"4,015.60",138.47,18782,31050,"5,064,270.44",163.1
727,September,14,17,"2,919.11",171.71,18782,31050,"5,064,270.44",163.1
727,October,15,26,"4,166.71",160.26,18782,31050,"5,064,270.44",163.1
727,November,21,23,"3,540.01",153.91,18782,31050,"5,064,270.44",163.1
727,December,19,21,"2,976.66",141.75,18782,31050,"5,064,270.44",163.1
728,January,15,20,"2,760.05",138,18782,31050,"5,064,270.44",163.1
728,February,12,22,"3,041.85",138.27,18782,31050,"5,064,270.44",163.1
728,March,20,27,"3,834.80",142.03,18782,31050,"5,064,270.44",163.1
728,April,15,25,"4,016.61",160.66,18782,31050,"5,064,270.44",163.1
728,May,15,26,"4,778.94",183.81,18782,31050,"5,064,270.44",163.1
728,June,20,27,"5,086.34",188.38,18782,31050,"5,064,270.44",163.1
728,July,17,26,"3,913.35",150.51,18782,31050,"5,064,270.44",163.1
728,August,19,25,"4,615.26",184.61,18782,31050,"5,064,270.44",163.1
728,September,15,25,"4,064.40",162.58,18782,31050,"5,064,270.44",163.1
728,October,15,27,"4,225.84",156.51,18782,31050,"5,064,270.44",163.1
728,November,19,26,"4,045.12",155.58,18782,31050,"5,064,270.44",163.1
728,December,16,20,"2,385.18",119.26,18782,31050,"5,064,270.44",163.1
